project_id,name,description,category,cost,latitude,longitude,votes,selected,target_demographic,moral_value,secondary_moral_value,source_files,moral_score_Care,moral_score_Fairness,moral_score_Loyalty,moral_score_Authority,moral_score_Sanctity,moral_confidence_Care,moral_confidence_Fairness,moral_confidence_Loyalty,moral_confidence_Authority,moral_confidence_Sanctity
1,After-School Tutoring Program,"This program provides free after-school tutoring services for students in grades K-12, offering homework help, academic support, and enrichment activities in math, science, and reading. The program operates Monday through Friday from 3:00 PM to 6:00 PM at local community centers. This project promotes respect for authority, leadership, and social order.",Education,95105,40.734,-73.956,26,0,families,Authority,Fairness,synthetic_balanced,0.3125721514225006,0.008290507830679417,0.03265034034848213,0.649019718170166,0.0238905381411314,0.3125721514225006,0.008290507830679417,0.03265034034848213,0.649019718170166,0.0238905381411314
2,Digital Learning Center,"This project establishes a modern digital learning center equipped with computers, tablets, educational software, and high-speed internet. The center provides access to online learning resources, coding classes, and digital literacy training for students and adults. This project demonstrates care and compassion for community members.",Education,301854,40.795,-73.995,87,0,seniors,Care,Loyalty,synthetic_balanced,0.7361240386962891,0.006457365583628416,0.06289514154195786,0.05019015818834305,0.024344734847545624,0.7361240386962891,0.006457365583628416,0.06289514154195786,0.05019015818834305,0.024344734847545624
3,Library Renovation and Expansion,"This project modernizes the community library with new furniture, updated technology, improved lighting, and expanded children's section. The renovation will create a more welcoming and accessible space for all residents with dedicated study areas and meeting rooms. This project demonstrates care and compassion for community members.",Education,383161,40.752,-73.958,37,1,seniors,Care,Fairness,synthetic_balanced,0.6616339683532715,0.01297723688185215,0.058603376150131226,0.11413467675447464,0.025730814784765244,0.6616339683532715,0.01297723688185215,0.058603376150131226,0.11413467675447464,0.025730814784765244
4,STEM Workshop Series,"This initiative offers hands-on STEM workshops covering robotics, coding, engineering, and science experiments. The series targets students in grades 6-12 and includes weekend sessions, summer camps, and after-school programs. This project strengthens community bonds and loyalty to local values.",Education,479978,40.745,-73.926,73,0,children,Loyalty,Sanctity,synthetic_balanced,0.19345271587371826,0.007254262920469046,0.4757038950920105,0.07398588210344315,0.021835235878825188,0.19345271587371826,0.007254262920469046,0.4757038950920105,0.07398588210344315,0.021835235878825188
5,Adult Education Classes,"This program offers free adult education classes covering basic literacy, GED preparation, computer skills, and English as a Second Language. Classes are held evenings and weekends to accommodate working adults. This project protects and preserves sacred community values and traditions.",Education,365934,40.773,-73.909,71,1,seniors,Sanctity,Loyalty,synthetic_balanced,0.20920471847057343,0.007127942051738501,0.19378292560577393,0.061102669686079025,0.06062833592295647,0.20920471847057343,0.007127942051738501,0.19378292560577393,0.061102669686079025,0.06062833592295647
6,Computer Lab Installation,"This project establishes a fully-equipped computer lab at the community center with 25 computers, high-speed internet, and software for job training, online learning, and digital literacy programs. This project promotes fairness, equality, and justice for all residents.",Education,432602,40.732,-73.978,71,0,community,Fairness,Care,synthetic_balanced,0.31814447045326233,0.7608119249343872,0.013940595090389252,0.06370748579502106,0.02303006500005722,0.31814447045326233,0.7608119249343872,0.013940595090389252,0.06370748579502106,0.02303006500005722
7,Reading Corner for Children,"This initiative creates dedicated reading spaces in community centers with comfortable seating, age-appropriate books, and storytelling sessions for children ages 3-10. This project promotes respect for authority, leadership, and social order.",Education,256098,40.749,-73.966,28,1,seniors,Authority,Fairness,synthetic_balanced,0.34744033217430115,0.015147293917834759,0.023410828784108162,0.6155917048454285,0.02947196178138256,0.34744033217430115,0.015147293917834759,0.023410828784108162,0.6155917048454285,0.02947196178138256
8,Teacher Training Program,"This professional development program offers training workshops for local teachers on innovative teaching methods, technology integration, and student engagement strategies. This project promotes fairness, equality, and justice for all residents.",Education,354301,40.772,-73.917,39,0,adults,Fairness,Care,synthetic_balanced,0.397830605506897,0.8377183079719543,0.021930256858468056,0.5669263005256653,0.019534215331077576,0.397830605506897,0.8377183079719543,0.021930256858468056,0.5669263005256653,0.019534215331077576
9,Educational Technology Upgrade,"This project provides schools with access to online educational platforms, e-books, digital learning tools, and interactive whiteboards to enhance classroom instruction. This project demonstrates care and compassion for community members.",Education,277069,40.792,-73.945,53,1,community,Care,Fairness,synthetic_balanced,0.7269878387451172,0.005379423964768648,0.05382103472948074,0.06864603608846664,0.020816178992390633,0.7269878387451172,0.005379423964768648,0.05382103472948074,0.06864603608846664,0.020816178992390633
10,Scholarship Fund for Students,"This fund provides financial assistance to local high school graduates pursuing higher education. Scholarships are awarded based on academic merit, financial need, and community service involvement. This project demonstrates care and compassion for community members.",Education,122935,40.732,-73.984,48,0,seniors,Care,Loyalty,synthetic_balanced,0.7843676209449768,0.00904104858636856,0.20928464829921722,0.029873304069042206,0.021031390875577927,0.7843676209449768,0.00904104858636856,0.20928464829921722,0.029873304069042206,0.021031390875577927
11,Science Laboratory Equipment,"This project equips schools with modern science laboratory equipment including microscopes, chemistry sets, physics apparatus, and safety equipment for hands-on science education. This project addresses practical community needs without strong moral implications.",Education,347559,40.777,-73.973,78,0,families,Non-Moral,Fairness,synthetic_balanced,0.33228084444999695,0.0056144194677472115,0.012153351679444313,0.08301873505115509,0.03135455399751663,0.33228084444999695,0.0056144194677472115,0.012153351679444313,0.08301873505115509,0.03135455399751663
12,Language Learning Center,"This program offers free language classes for community members, including English as a Second Language (ESL) and other languages based on community needs. This project demonstrates care and compassion for community members.",Education,317393,40.707,-73.916,20,0,children,Care,Fairness,synthetic_balanced,0.7399075031280518,0.00821771565824747,0.135000541806221,0.04810468852519989,0.02367771789431572,0.7399075031280518,0.00821771565824747,0.135000541806221,0.04810468852519989,0.02367771789431572
13,Special Education Support,"This project provides specialized resources and support services for students with disabilities, including assistive technology, specialized equipment, and trained support staff. This project promotes respect for authority, leadership, and social order.",Education,122450,40.75,-73.989,64,1,youth,Authority,Sanctity,synthetic_balanced,0.6246703267097473,0.013740809634327888,0.06561080366373062,0.6089459657669067,0.0172389168292284,0.6246703267097473,0.013740809634327888,0.06561080366373062,0.6089459657669067,0.0172389168292284
14,Career Counseling Services,"This service offers career guidance, resume writing assistance, job search support, and skills assessment for community members seeking employment or career advancement. This project promotes fairness, equality, and justice for all residents.",Education,317573,40.753,-73.984,59,1,children,Fairness,Authority,synthetic_balanced,0.6492522358894348,0.7266854047775269,0.037102557718753815,0.02854330465197563,0.02304171212017536,0.6492522358894348,0.7266854047775269,0.037102557718753815,0.02854330465197563,0.02304171212017536
15,Educational Field Trips,"This program funds educational field trips for students to museums, science centers, historical sites, and cultural institutions to enhance classroom learning. This project promotes fairness, equality, and justice for all residents.",Education,52079,40.768,-73.984,86,0,community,Fairness,Authority,synthetic_balanced,0.31903451681137085,0.8354703783988953,0.016031187027692795,0.05830621346831322,0.02707129903137684,0.31903451681137085,0.8354703783988953,0.016031187027692795,0.05830621346831322,0.02707129903137684
16,Student Mentorship Program,"This initiative pairs students with adult mentors from the community to provide guidance, support, and encouragement for academic and personal development. This project strengthens community bonds and loyalty to local values.",Education,397319,40.774,-73.995,22,0,youth,Loyalty,Care,synthetic_balanced,0.5643736720085144,0.004195326007902622,0.6470897793769836,0.21791137754917145,0.016067489981651306,0.5643736720085144,0.004195326007902622,0.6470897793769836,0.21791137754917145,0.016067489981651306
17,Literacy Improvement Initiative,"This program promotes early childhood literacy through storytime sessions, book distribution, and parent education workshops targeting children ages 3-8 and their families. This project demonstrates care and compassion for community members.",Education,397202,40.759,-73.915,41,1,youth,Care,Fairness,synthetic_balanced,0.7855552434921265,0.0072440640069544315,0.06937269866466522,0.2427719384431839,0.024447916075587273,0.7855552434921265,0.0072440640069544315,0.06937269866466522,0.2427719384431839,0.024447916075587273
18,Online Learning Platform,"This project provides schools with access to online educational platforms, e-books, and digital learning tools to enhance classroom instruction and support remote learning. This project addresses practical community needs without strong moral implications.",Education,269091,40.735,-73.934,55,0,seniors,Non-Moral,Care,synthetic_balanced,0.2744787931442261,0.005744636058807373,0.0173001941293478,0.15213745832443237,0.024749470874667168,0.2744787931442261,0.005744636058807373,0.0173001941293478,0.15213745832443237,0.024749470874667168
19,Educational Resource Center,"This initiative creates a centralized resource center providing educational materials, tutoring services, and learning support for students and families. This project promotes respect for authority, leadership, and social order.",Education,366885,40.763,-73.965,92,0,families,Authority,Sanctity,synthetic_balanced,0.5288927555084229,0.01825873740017414,0.08104996383190155,0.8279239535331726,0.017706068232655525,0.5288927555084229,0.01825873740017414,0.08104996383190155,0.8279239535331726,0.017706068232655525
20,Youth Leadership Development,"This program develops leadership skills in young people through workshops, community service projects, and mentorship opportunities. This project promotes respect for authority, leadership, and social order.",Education,439693,40.719,-73.925,43,0,adults,Authority,Sanctity,synthetic_balanced,0.4276130795478821,0.015452906489372253,0.08532384783029556,0.6033019423484802,0.018484700471162796,0.4276130795478821,0.015452906489372253,0.08532384783029556,0.6033019423484802,0.018484700471162796
21,Air Quality Monitoring System,"This project installs air quality monitoring stations throughout the community to track pollution levels, identify sources, and provide real-time air quality data to residents. This project demonstrates care and compassion for community members.","Environment, Public heath and Safety",125881,40.745,-73.96,44,1,adults,Care,Fairness,synthetic_balanced,0.732365608215332,0.00984069425612688,0.05129839852452278,0.14334121346473694,0.02591349184513092,0.732365608215332,0.00984069425612688,0.05129839852452278,0.14334121346473694,0.02591349184513092
22,Community Health Clinic,"This project establishes a new community health clinic providing primary care services, preventive health screenings, and health education programs for uninsured and underinsured residents. This health and wellness initiative addresses practical community needs without strong moral implications.","Environment, Public heath and Safety",65394,40.707,-73.917,57,0,youth,Non-Moral,Fairness,synthetic_balanced,0.4100942313671112,0.018807176500558853,0.023227477446198463,0.08960269391536713,0.028542233631014824,0.4100942313671112,0.018807176500558853,0.023227477446198463,0.08960269391536713,0.028542233631014824
23,Mental Health Services,"This initiative provides counseling services, mental health screenings, and support groups for community members dealing with anxiety, depression, and other mental health challenges. This health and wellness project demonstrates care and compassion for community members.","Environment, Public heath and Safety",443325,40.753,-73.926,56,0,children,Care,Loyalty,synthetic_balanced,0.867173969745636,0.012760485522449017,0.045941371470689774,0.06130287051200867,0.02403622306883335,0.867173969745636,0.012760485522449017,0.045941371470689774,0.06130287051200867,0.02403622306883335
24,Children's Emergency Shelter,"This project establishes a safe emergency shelter for children and families experiencing homelessness or domestic violence, providing temporary housing, meals, counseling services, and support to help families get back on their feet. This project demonstrates care and compassion for community members.","Environment, Public heath and Safety",469914,40.703,-73.935,87,1,families,Care,Fairness,synthetic_balanced,0.2695017158985138,0.02110130712389946,0.06704524904489517,0.09183521568775177,0.056489016860723495,0.2695017158985138,0.02110130712389946,0.06704524904489517,0.09183521568775177,0.056489016860723495
25,Emergency Medical Equipment,"This initiative provides emergency medical equipment including defibrillators, first aid supplies, and emergency response tools for community centers and public spaces. This health and wellness project strengthens community bonds and loyalty to local values.","Environment, Public heath and Safety",84898,40.703,-73.936,78,1,community,Loyalty,Care,synthetic_balanced,0.5376871228218079,0.007132131140679121,0.5232109427452087,0.1320728212594986,0.022672448307275772,0.5376871228218079,0.007132131140679121,0.5232109427452087,0.1320728212594986,0.022672448307275772
26,24-Hour Public Toilet,"This project installs 24-hour accessible public restroom facilities in high-traffic areas to improve public health, sanitation, and accessibility for all residents. This project demonstrates care and compassion for community members.","Environment, Public heath and Safety",342820,40.773,-73.941,24,0,families,Care,Fairness,synthetic_balanced,0.76662677526474,0.01279809046536684,0.021008677780628204,0.09258489310741425,0.08598145097494125,0.76662677526474,0.01279809046536684,0.021008677780628204,0.09258489310741425,0.08598145097494125
27,Family Food Assistance Program,"This initiative provides emergency food assistance, nutrition education, and meal programs for families struggling with food insecurity, ensuring children and families have access to healthy meals and support services. This project demonstrates care and compassion for community members.","Environment, Public heath and Safety",147996,40.795,-73.962,60,0,families,Care,Fairness,synthetic_balanced,0.2463102638721466,0.03431198373436928,0.5645739436149597,0.09987569600343704,0.02137795276939869,0.2463102638721466,0.03431198373436928,0.5645739436149597,0.09987569600343704,0.02137795276939869
28,Solar Power Initiative,"This project promotes solar energy adoption through community solar installations, educational programs, and incentives for residents to install solar panels. This environmental sustainability initiative protects the environment and reduces carbon emissions while preserving sacred community values and traditions.","Environment, Public heath and Safety",154466,40.76,-73.93,49,0,seniors,Sanctity,Authority,synthetic_balanced,0.1929430067539215,0.010144480504095554,0.10864337533712387,0.12218914180994034,0.04342249780893326,0.1929430067539215,0.010144480504095554,0.10864337533712387,0.12218914180994034,0.04342249780893326
29,Community Nursing Pods,"This initiative creates private, comfortable spaces for nursing mothers in public buildings and community centers to support breastfeeding and infant care. This health and wellness project protects and preserves sacred community values and traditions.","Environment, Public heath and Safety",68280,40.713,-73.958,22,1,youth,Sanctity,Authority,synthetic_balanced,0.4560600221157074,0.021623754873871803,0.08028372377157211,0.07339652627706528,0.1209549605846405,0.4560600221157074,0.021623754873871803,0.08028372377157211,0.07339652627706528,0.1209549605846405
30,Urban Tree Planting Program,"This environmental project plants trees throughout the community to improve air quality, provide shade, reduce urban heat island effects, and enhance green neighborhood aesthetics. This environmental sustainability initiative promotes fairness, equality, and justice for all residents.","Environment, Public heath and Safety",264247,40.727,-73.951,83,1,families,Fairness,Authority,synthetic_balanced,0.440653532743454,0.6524223685264587,0.015251221135258675,0.07612311840057373,0.030835812911391258,0.440653532743454,0.6524223685264587,0.015251221135258675,0.07612311840057373,0.030835812911391258
31,Water Bottle Refill Stations,"This initiative installs water bottle refill stations in public spaces to promote hydration, reduce plastic waste, and provide free access to clean drinking water. This project strengthens community bonds and loyalty to local values.","Environment, Public heath and Safety",346352,40.754,-73.97,86,0,adults,Loyalty,Care,synthetic_balanced,0.32868215441703796,0.012044066563248634,0.42282459139823914,0.20620068907737732,0.03832129016518593,0.32868215441703796,0.012044066563248634,0.42282459139823914,0.20620068907737732,0.03832129016518593
32,Enhanced Fire Hydrant Markers,This project installs visible markers and signs for fire hydrants to improve emergency response times and ensure firefighters can quickly locate water sources. This project demonstrates care and compassion for community members.,"Environment, Public heath and Safety",440529,40.76,-73.947,87,0,adults,Care,Fairness,synthetic_balanced,0.6769364476203918,0.005719425156712532,0.06040006875991821,0.23332422971725464,0.023376645520329475,0.6769364476203918,0.005719425156712532,0.06040006875991821,0.23332422971725464,0.023376645520329475
33,Smart Flashing Crosswalks,This initiative installs flashing crosswalk signals and enhanced pedestrian safety measures at busy intersections to protect pedestrians and improve walkability. This project demonstrates care and compassion for community members.,"Environment, Public heath and Safety",304118,40.74,-73.917,35,0,families,Care,Loyalty,synthetic_balanced,0.7900810241699219,0.01263006217777729,0.04109008237719536,0.23756414651870728,0.02735859341919422,0.7900810241699219,0.01263006217777729,0.04109008237719536,0.23756414651870728,0.02735859341919422
34,Children's Mental Health Support Center,"This project creates a specialized mental health support center for children and families, providing counseling, therapy services, crisis intervention, and family support programs to help children overcome trauma and mental health challenges. This health and wellness project demonstrates care and compassion for community members.","Environment, Public heath and Safety",324472,40.707,-73.917,22,1,children,Care,Fairness,synthetic_balanced,0.25647616386413574,0.019744131714105606,0.2999299466609955,0.0825674757361412,0.049522317945957184,0.25647616386413574,0.019744131714105606,0.2999299466609955,0.0825674757361412,0.049522317945957184
35,Waste Reduction Program,"This environmental initiative implements comprehensive waste reduction programs including recycling education, composting facilities, and waste reduction workshops. This environmental sustainability project strengthens community bonds and loyalty to local values.","Environment, Public heath and Safety",226380,40.772,-73.956,92,0,families,Loyalty,Care,synthetic_balanced,0.24216994643211365,0.01648009568452835,0.5985565781593323,0.180618017911911,0.030329791828989983,0.24216994643211365,0.01648009568452835,0.5985565781593323,0.180618017911911,0.030329791828989983
36,Green Roof Installation,"This environmental project installs green roofs on community buildings to improve energy efficiency, reduce stormwater runoff, and create urban green spaces. This environmental sustainability initiative demonstrates care and compassion for community members.","Environment, Public heath and Safety",249026,40.744,-73.997,53,0,families,Care,Loyalty,synthetic_balanced,0.6405740976333618,0.020862551406025887,0.05355478823184967,0.07232056558132172,0.04162321984767914,0.6405740976333618,0.020862551406025887,0.05355478823184967,0.07232056558132172,0.04162321984767914
37,Bike Sharing Station,"This environmental initiative establishes bike sharing stations throughout the community to promote sustainable transportation and provide affordable green mobility options. This environmental sustainability project demonstrates care and compassion for community members.","Environment, Public heath and Safety",423647,40.794,-73.983,64,1,seniors,Care,Loyalty,synthetic_balanced,0.7500388026237488,0.010941475629806519,0.05321730300784111,0.05552586540579796,0.021714448928833008,0.7500388026237488,0.010941475629806519,0.05321730300784111,0.05552586540579796,0.021714448928833008
38,Environmental Education Center,"This project creates an environmental education center offering programs on conservation, sustainability, and environmental protection for students and community members. This project demonstrates care and compassion for community members.","Environment, Public heath and Safety",216284,40.793,-73.973,65,0,children,Care,Loyalty,synthetic_balanced,0.7697986364364624,0.008077411912381649,0.0970325767993927,0.05994032323360443,0.02193790301680565,0.7697986364364624,0.008077411912381649,0.0970325767993927,0.05994032323360443,0.02193790301680565
39,Public Health Awareness Campaign,"This campaign raises awareness about public health issues, promotes healthy behaviors, and provides information about available health resources. This health and wellness project demonstrates care and compassion for community members.","Environment, Public heath and Safety",357787,40.733,-73.961,61,0,community,Care,Fairness,synthetic_balanced,0.8369653820991516,0.00885688979178667,0.05196669325232506,0.03795263171195984,0.023261884227395058,0.8369653820991516,0.00885688979178667,0.05196669325232506,0.03795263171195984,0.023261884227395058
40,Emergency Response Training,"This program trains community members in emergency response techniques, first aid, and disaster preparedness to build community resilience. This health and wellness project strengthens community bonds and loyalty to local values.","Environment, Public heath and Safety",99941,40.714,-73.944,86,0,children,Loyalty,Care,synthetic_balanced,0.5225650668144226,0.007233927492052317,0.6682946085929871,0.23484835028648376,0.019817646592855453,0.5225650668144226,0.007233927492052317,0.6682946085929871,0.23484835028648376,0.019817646592855453
41,Cultural Center Development,"This project develops a cultural center offering space for community events, cultural celebrations, and educational programs that celebrate local diversity. This project promotes fairness, equality, and justice for all residents.",Culture and Community,193259,40.723,-73.927,20,0,families,Fairness,Authority,synthetic_balanced,0.31904086470603943,0.8711483478546143,0.032673195004463196,0.03340204432606697,0.022358091548085213,0.31904086470603943,0.8711483478546143,0.032673195004463196,0.03340204432606697,0.022358091548085213
42,Art Gallery Renovation,"This initiative renovates the community art gallery with improved lighting, climate control, and exhibition spaces to showcase local and regional artists. This project promotes respect for authority, leadership, and social order.",Culture and Community,100696,40.796,-73.99,27,0,children,Authority,Fairness,synthetic_balanced,0.26039066910743713,0.018039520829916,0.06928975135087967,0.6628280282020569,0.022042660042643547,0.26039066910743713,0.018039520829916,0.06928975135087967,0.6628280282020569,0.022042660042643547
43,Music Program for Youth,"This program provides music education, instrument lessons, and performance opportunities for young people in the community. This project promotes fairness, equality, and justice for all residents.",Culture and Community,358433,40.799,-73.942,32,1,seniors,Fairness,Authority,synthetic_balanced,0.5594031810760498,0.8684231638908386,0.02473139949142933,0.07441826164722443,0.02161058411002159,0.5594031810760498,0.8684231638908386,0.02473139949142933,0.07441826164722443,0.02161058411002159
44,Cultural Festival Organization,"This project organizes annual cultural festivals celebrating local traditions, diversity, and community unity through music, food, and cultural performances. This project strengthens community bonds and loyalty to local values.",Culture and Community,399342,40.722,-73.983,63,0,children,Loyalty,Sanctity,synthetic_balanced,0.22904078662395477,0.00905668456107378,0.6012676358222961,0.0692640170454979,0.02337716519832611,0.22904078662395477,0.00905668456107378,0.6012676358222961,0.0692640170454979,0.02337716519832611
45,Museum Exhibit Creation,"This initiative creates rotating museum exhibits showcasing local history, culture, and community achievements for residents and visitors. This project promotes fairness, equality, and justice for all residents.",Culture and Community,175831,40.705,-73.942,61,0,community,Fairness,Authority,synthetic_balanced,0.4394051730632782,0.8680863976478577,0.037190601229667664,0.05946403369307518,0.02448791265487671,0.4394051730632782,0.8680863976478577,0.037190601229667664,0.05946403369307518,0.02448791265487671
46,Neighborhood Association Support,This project provides support and resources for neighborhood associations to strengthen community connections and local governance. This project demonstrates care and compassion for community members.,Culture and Community,484629,40.715,-73.996,54,0,community,Care,Loyalty,synthetic_balanced,0.7660073637962341,0.005849760957062244,0.5482596158981323,0.11137136071920395,0.016619980335235596,0.7660073637962341,0.005849760957062244,0.5482596158981323,0.11137136071920395,0.016619980335235596
47,Community Meeting Space,"This initiative creates flexible meeting spaces in community centers for neighborhood groups, organizations, and community events. This project strengthens community bonds and loyalty to local values.",Culture and Community,443071,40.77,-73.954,36,1,youth,Loyalty,Sanctity,synthetic_balanced,0.2069033682346344,0.006193888373672962,0.6313828229904175,0.04159574955701828,0.017717178910970688,0.2069033682346344,0.006193888373672962,0.6313828229904175,0.04159574955701828,0.017717178910970688
48,Volunteer Program Coordination,"This project coordinates community volunteer efforts, matches volunteers with opportunities, and provides training and support for volunteer programs. This project promotes fairness, equality, and justice for all residents.",Culture and Community,147026,40.72,-73.975,70,1,children,Fairness,Authority,synthetic_balanced,0.43294060230255127,0.8312363624572754,0.08522360771894455,0.10012728720903397,0.021796198561787605,0.43294060230255127,0.8312363624572754,0.08522360771894455,0.10012728720903397,0.021796198561787605
49,Community Events Planning,"This initiative plans and organizes community events including festivals, celebrations, and gatherings that bring residents together. This project demonstrates care and compassion for community members.",Culture and Community,333530,40.762,-73.985,90,0,children,Care,Fairness,synthetic_balanced,0.808336615562439,0.006641124840825796,0.28161922097206116,0.023794058710336685,0.023051047697663307,0.808336615562439,0.006641124840825796,0.28161922097206116,0.023794058710336685,0.023051047697663307
50,Social Services Hub,"This project creates a centralized hub providing social services, referrals, and support for community members in need. This project demonstrates care and compassion for community members.",Culture and Community,276667,40.793,-73.952,76,0,children,Care,Loyalty,synthetic_balanced,0.8595853447914124,0.010099764913320541,0.17848049104213715,0.025116603821516037,0.02094833366572857,0.8595853447914124,0.010099764913320541,0.17848049104213715,0.025116603821516037,0.02094833366572857
51,Multicultural Center,"This initiative establishes a multicultural center celebrating diversity through programs, events, and services for all community members. This project strengthens community bonds and loyalty to local values.",Culture and Community,207562,40.781,-73.941,62,0,children,Loyalty,Sanctity,synthetic_balanced,0.19148819148540497,0.13232415914535522,0.5217248797416687,0.02295803464949131,0.019569631665945053,0.19148819148540497,0.13232415914535522,0.5217248797416687,0.02295803464949131,0.019569631665945053
52,Local History Documentation,"This project documents and preserves local history through oral history interviews, photo collections, and historical research. This project promotes fairness, equality, and justice for all residents.",Culture and Community,264943,40.723,-73.965,23,0,youth,Fairness,Authority,synthetic_balanced,0.27995210886001587,0.8660622835159302,0.034366101026535034,0.05791094899177551,0.023389851674437523,0.27995210886001587,0.8660622835159302,0.034366101026535034,0.05791094899177551,0.023389851674437523
53,Community Theater Renovation,"This initiative renovates the community theater with improved seating, lighting, sound systems, and accessibility features. This project promotes respect for authority, leadership, and social order.",Culture and Community,68914,40.707,-73.938,59,0,seniors,Authority,Sanctity,synthetic_balanced,0.24535326659679413,0.013832548633217812,0.056148920208215714,0.6043466925621033,0.02333254925906658,0.24535326659679413,0.013832548633217812,0.056148920208215714,0.6043466925621033,0.02333254925906658
54,Public Art Installation,"This project installs public art pieces throughout the community to enhance aesthetics, celebrate local culture, and create gathering spaces. This project demonstrates care and compassion for community members.",Culture and Community,410035,40.747,-73.979,96,0,families,Care,Fairness,synthetic_balanced,0.7275012135505676,0.010060867294669151,0.0981975570321083,0.08239452540874481,0.02849000319838524,0.7275012135505676,0.010060867294669151,0.0981975570321083,0.08239452540874481,0.02849000319838524
55,Community Newsletter,"This project creates and distributes a community newsletter featuring local news, events, and stories that connect residents. This project strengthens community bonds and loyalty to local values.",Culture and Community,271334,40.765,-73.939,46,0,children,Loyalty,Sanctity,synthetic_balanced,0.2696901559829712,0.006437199655920267,0.6824998259544373,0.07918421179056168,0.01898801140487194,0.2696901559829712,0.006437199655920267,0.6824998259544373,0.07918421179056168,0.01898801140487194
56,Senior Citizen Center,"This initiative establishes a senior citizen center providing programs, services, and social activities for older adults in the community. This project demonstrates care and compassion for community members.",Culture and Community,344767,40.739,-73.981,59,0,adults,Care,Loyalty,synthetic_balanced,0.7983080148696899,0.013007848523557186,0.10949906706809998,0.04363606870174408,0.025865517556667328,0.7983080148696899,0.013007848523557186,0.10949906706809998,0.04363606870174408,0.025865517556667328
57,Youth Community Center,"This project creates a youth community center offering programs, activities, and support services for young people. This project promotes fairness, equality, and justice for all residents.",Culture and Community,310430,40.784,-73.91,36,0,community,Fairness,Authority,synthetic_balanced,0.6099969148635864,0.8800061941146851,0.04067564383149147,0.07168067246675491,0.026660913601517677,0.6099969148635864,0.8800061941146851,0.04067564383149147,0.07168067246675491,0.026660913601517677
58,Community Garden Space,This initiative creates community garden plots where residents can grow vegetables and build community connections. This project protects and preserves sacred community values and traditions.,Culture and Community,443249,40.78,-73.958,21,1,community,Sanctity,Loyalty,synthetic_balanced,0.22818709909915924,0.009055675007402897,0.35957759618759155,0.06248686835169792,0.0425809808075428,0.22818709909915924,0.009055675007402897,0.35957759618759155,0.06248686835169792,0.0425809808075428
59,Local Business Support,"This project supports local businesses through networking events, business development resources, and community promotion. This project addresses practical community needs without strong moral implications.",Culture and Community,172297,40.787,-73.936,31,0,community,Non-Moral,Loyalty,synthetic_balanced,0.4755919277667999,0.005082949064671993,0.19834177196025848,0.03860335797071457,0.019053297117352486,0.4755919277667999,0.005082949064671993,0.19834177196025848,0.03860335797071457,0.019053297117352486
60,Community Resilience Program,"This initiative builds community resilience through disaster preparedness, emergency planning, and community support networks. This project strengthens community bonds and loyalty to local values.",Culture and Community,369838,40.709,-73.943,44,0,adults,Loyalty,Care,synthetic_balanced,0.5225380063056946,0.007152842357754707,0.6804754734039307,0.07977402955293655,0.02015792205929756,0.5225380063056946,0.007152842357754707,0.6804754734039307,0.07977402955293655,0.02015792205929756
61,Sidewalk Repair and Installation,This project repairs existing sidewalks and installs new ones to improve pedestrian safety and accessibility throughout the community. This project strengthens community bonds and loyalty to local values.,Transportation,175991,40.794,-73.956,86,0,community,Loyalty,Sanctity,synthetic_balanced,0.41905397176742554,0.008974599651992321,0.5238674879074097,0.14701560139656067,0.02289528027176857,0.41905397176742554,0.008974599651992321,0.5238674879074097,0.14701560139656067,0.02289528027176857
62,Bike Lane Development,"This project creates dedicated bike lanes and cycling infrastructure to promote cycling as a safe and sustainable transportation option. This project promotes respect for authority, leadership, and social order.",Transportation,379202,40.766,-73.952,97,1,children,Authority,Fairness,synthetic_balanced,0.38157331943511963,0.016465047374367714,0.030430752784013748,0.6011233925819397,0.02014729008078575,0.38157331943511963,0.016465047374367714,0.030430752784013748,0.6011233925819397,0.02014729008078575
63,Bus Stop Improvements,"This initiative upgrades bus stops with shelters, seating, lighting, and accessibility features to improve public transit experience. This project demonstrates care and compassion for community members.",Transportation,204064,40.765,-73.991,73,0,seniors,Care,Fairness,synthetic_balanced,0.718188464641571,0.008312750607728958,0.045710042119026184,0.11185581237077713,0.025538619607686996,0.718188464641571,0.008312750607728958,0.045710042119026184,0.11185581237077713,0.025538619607686996
64,Traffic Safety Measures,"This project implements traffic safety improvements including speed bumps, traffic calming measures, and safety signage. This project demonstrates care and compassion for community members.",Transportation,52317,40.753,-73.915,43,0,youth,Care,Fairness,synthetic_balanced,0.7891253232955933,0.008354924619197845,0.07897685468196869,0.18667031824588776,0.020901834592223167,0.7891253232955933,0.008354924619197845,0.07897685468196869,0.18667031824588776,0.020901834592223167
65,Pedestrian Crossing Enhancement,"This initiative installs crosswalks, pedestrian signals, and safety measures at busy intersections to protect pedestrians. This project demonstrates care and compassion for community members.",Transportation,266628,40.753,-73.904,31,1,seniors,Care,Fairness,synthetic_balanced,0.8002356886863708,0.010016421787440777,0.04929770901799202,0.18119560182094574,0.02696341834962368,0.8002356886863708,0.010016421787440777,0.04929770901799202,0.18119560182094574,0.02696341834962368
66,Street Lighting Upgrade,"This project upgrades street lighting with energy-efficient LED lights to improve visibility, safety, and reduce energy costs. This project protects and preserves sacred community values and traditions.",Transportation,112161,40.784,-73.981,54,0,community,Sanctity,Loyalty,synthetic_balanced,0.339924156665802,0.011111630126833916,0.13373564183712006,0.12085048854351044,0.033456798642873764,0.339924156665802,0.011111630126833916,0.13373564183712006,0.12085048854351044,0.033456798642873764
67,Accessibility Ramp Installation,This project installs accessibility ramps and improves curb cuts to ensure all residents can safely navigate sidewalks and crosswalks. This project strengthens community bonds and loyalty to local values.,Transportation,75923,40.772,-73.964,82,1,seniors,Loyalty,Sanctity,synthetic_balanced,0.2744426727294922,0.0068051135167479515,0.5092183351516724,0.20852360129356384,0.021402636542916298,0.2744426727294922,0.0068051135167479515,0.5092183351516724,0.20852360129356384,0.021402636542916298
68,Traffic Signal Modernization,"This initiative modernizes traffic signals with improved timing, accessibility features, and smart technology integration. This project strengthens community bonds and loyalty to local values.",Transportation,389829,40.723,-73.968,83,0,seniors,Loyalty,Sanctity,synthetic_balanced,0.18386732041835785,0.007681727409362793,0.5639778971672058,0.11441507935523987,0.019061671569943428,0.18386732041835785,0.007681727409362793,0.5639778971672058,0.11441507935523987,0.019061671569943428
69,Public Transit Shelter,"This project builds covered bus stop shelters with seating, lighting, and weather protection to improve public transit accessibility. This project protects and preserves sacred community values and traditions.",Transportation,179021,40.715,-73.908,87,0,youth,Sanctity,Loyalty,synthetic_balanced,0.24957212805747986,0.007297442760318518,0.06314240396022797,0.13521286845207214,0.05108881741762161,0.24957212805747986,0.007297442760318518,0.06314240396022797,0.13521286845207214,0.05108881741762161
70,Bike Parking Facilities,This initiative installs secure bike parking facilities throughout the community to encourage cycling and protect bicycles. This project strengthens community bonds and loyalty to local values.,Transportation,471740,40.734,-73.934,91,0,youth,Loyalty,Care,synthetic_balanced,0.2668312191963196,0.009616561233997345,0.5476208925247192,0.17467807233333588,0.022294800728559494,0.2668312191963196,0.009616561233997345,0.5476208925247192,0.17467807233333588,0.022294800728559494
71,Road Surface Repair,"This project resurfaces local roads to improve driving conditions, reduce maintenance costs, and extend road life. This project promotes fairness, equality, and justice for all residents.",Transportation,190599,40.744,-73.914,45,0,families,Fairness,Care,synthetic_balanced,0.6003847122192383,0.8183215856552124,0.014260200783610344,0.10035990923643112,0.024791205301880836,0.6003847122192383,0.8183215856552124,0.014260200783610344,0.10035990923643112,0.024791205301880836
72,Crosswalk Safety Improvements,"This initiative enhances crosswalk safety with improved markings, signals, and pedestrian safety measures. This project promotes fairness, equality, and justice for all residents.",Transportation,151036,40.714,-73.949,87,1,adults,Fairness,Authority,synthetic_balanced,0.5523554682731628,0.8348661065101624,0.015051371417939663,0.18287596106529236,0.02522755227982998,0.5523554682731628,0.8348661065101624,0.015051371417939663,0.18287596106529236,0.02522755227982998
73,Transit Information System,This project installs digital transit information displays and improves signage to help residents navigate public transportation. This project protects and preserves sacred community values and traditions.,Transportation,476816,40.751,-73.985,71,1,children,Sanctity,Loyalty,synthetic_balanced,0.17471739649772644,0.007031297776848078,0.11807236820459366,0.17842352390289307,0.06666335463523865,0.17471739649772644,0.007031297776848078,0.11807236820459366,0.17842352390289307,0.06666335463523865
74,Wheelchair Accessible Bus Stops,"This initiative ensures all bus stops are wheelchair accessible with proper ramps, seating, and boarding areas. This project strengthens community bonds and loyalty to local values.",Transportation,470951,40.788,-73.928,41,1,seniors,Loyalty,Sanctity,synthetic_balanced,0.220042422413826,0.054686497896909714,0.4758026599884033,0.18232068419456482,0.024014558643102646,0.220042422413826,0.054686497896909714,0.4758026599884033,0.18232068419456482,0.024014558643102646
75,Traffic Calming Measures,"This project implements traffic calming measures like speed bumps, roundabouts, and narrowed lanes to improve safety. This project promotes fairness, equality, and justice for all residents.",Transportation,468032,40.762,-73.936,78,0,community,Fairness,Authority,synthetic_balanced,0.5412349700927734,0.8118138909339905,0.011097962968051434,0.31122228503227234,0.022906797006726265,0.5412349700927734,0.8118138909339905,0.011097962968051434,0.31122228503227234,0.022906797006726265
76,Public Transportation App,"This initiative develops a mobile app providing real-time transit information, route planning, and service updates. This project strengthens community bonds and loyalty to local values.",Transportation,383524,40.75,-73.907,50,1,children,Loyalty,Sanctity,synthetic_balanced,0.15978825092315674,0.006612970493733883,0.5686659216880798,0.13728047907352448,0.020193731412291527,0.15978825092315674,0.006612970493733883,0.5686659216880798,0.13728047907352448,0.020193731412291527
77,Electric Vehicle Charging Station,This project installs electric vehicle charging stations in public areas to support sustainable transportation. This project addresses practical community needs without strong moral implications.,Transportation,115108,40.725,-73.994,90,0,youth,Non-Moral,Care,synthetic_balanced,0.3511967062950134,0.013733778148889542,0.01578633300960064,0.12116733938455582,0.02439902536571026,0.3511967062950134,0.013733778148889542,0.01578633300960064,0.12116733938455582,0.02439902536571026
78,Transit Route Optimization,"This initiative optimizes transit routes and schedules to improve service efficiency and better meet community needs. This project promotes fairness, equality, and justice for all residents.",Transportation,321673,40.753,-73.956,83,0,seniors,Fairness,Authority,synthetic_balanced,0.4845847189426422,0.8590795993804932,0.0204854104667902,0.11798679083585739,0.020449209958314896,0.4845847189426422,0.8590795993804932,0.0204854104667902,0.11798679083585739,0.020449209958314896
79,Pedestrian Bridge Construction,This project builds pedestrian bridges over busy roads and waterways to provide safe crossing options. This project protects and preserves sacred community values and traditions.,Transportation,250308,40.713,-73.926,26,0,community,Sanctity,Authority,synthetic_balanced,0.43592706322669983,0.0077331592328846455,0.07632824778556824,0.10002906620502472,0.06866496801376343,0.43592706322669983,0.0077331592328846455,0.07632824778556824,0.10002906620502472,0.06866496801376343
80,Smart Traffic Management,"This initiative implements smart traffic management systems to improve traffic flow and reduce congestion. This project promotes fairness, equality, and justice for all residents.",Transportation,304716,40.71,-73.962,59,1,children,Fairness,Care,synthetic_balanced,0.5253255367279053,0.8636947870254517,0.012193610891699791,0.25999265909194946,0.023740841075778008,0.5253255367279053,0.8636947870254517,0.012193610891699791,0.25999265909194946,0.023740841075778008
81,Community Center Renovation,"This project renovates the community center with updated facilities, improved accessibility, new meeting rooms, and modern amenities. This project promotes respect for authority, leadership, and social order.",Recreation,74060,40.74,-73.987,23,0,community,Authority,Sanctity,synthetic_balanced,0.2640926241874695,0.017362667247653008,0.08084042370319366,0.6914778351783752,0.021553784608840942,0.2640926241874695,0.017362667247653008,0.08084042370319366,0.6914778351783752,0.021553784608840942
82,Playground Equipment Installation,"This initiative installs new playground equipment with modern, safe, and accessible play structures for children of all ages. This project promotes fairness, equality, and justice for all residents.",Recreation,444199,40.727,-73.976,22,1,families,Fairness,Authority,synthetic_balanced,0.6412547826766968,0.8678069114685059,0.012724122032523155,0.1735871434211731,0.028179001063108444,0.6412547826766968,0.8678069114685059,0.012724122032523155,0.1735871434211731,0.028179001063108444
83,Sports Facility Upgrade,"This project upgrades sports facilities with improved surfaces, lighting, and equipment to support youth and adult sports programs. This project strengthens community bonds and loyalty to local values.",Recreation,371841,40.75,-73.97,60,0,families,Loyalty,Sanctity,synthetic_balanced,0.26049718260765076,0.007287731859833002,0.5451915264129639,0.16136446595191956,0.02414310723543167,0.26049718260765076,0.007287731859833002,0.5451915264129639,0.16136446595191956,0.02414310723543167
84,Fitness Equipment for Parks,This initiative installs outdoor fitness equipment in parks and public spaces to provide free exercise opportunities. This project strengthens community bonds and loyalty to local values.,Recreation,436605,40.716,-73.968,75,1,children,Loyalty,Sanctity,synthetic_balanced,0.21551136672496796,0.007809900678694248,0.5443969368934631,0.09762726724147797,0.02405466139316559,0.21551136672496796,0.007809900678694248,0.5443969368934631,0.09762726724147797,0.02405466139316559
85,Recreation Program Development,"This project develops comprehensive recreation programs including sports, arts, and educational activities for all ages. This project promotes respect for authority, leadership, and social order.",Recreation,137134,40.768,-73.905,39,1,seniors,Authority,Fairness,synthetic_balanced,0.3343113660812378,0.021113546565175056,0.029241040349006653,0.6044425368309021,0.02078862115740776,0.3343113660812378,0.021113546565175056,0.029241040349006653,0.6044425368309021,0.02078862115740776
86,Swimming Pool Renovation,"This initiative renovates community swimming pools with improved facilities, safety features, and accessibility improvements. This project promotes fairness, equality, and justice for all residents.",Recreation,440328,40.734,-73.928,82,1,children,Fairness,Authority,synthetic_balanced,0.4765377640724182,0.8369774222373962,0.015490619465708733,0.08721539378166199,0.025168847292661667,0.4765377640724182,0.8369774222373962,0.015490619465708733,0.08721539378166199,0.025168847292661667
87,Tennis Court Construction,"This project constructs new tennis courts with proper surfaces, lighting, and amenities for community tennis programs. This project addresses practical community needs without strong moral implications.",Recreation,265902,40.71,-73.992,70,0,children,Non-Moral,Fairness,synthetic_balanced,0.3219398558139801,0.00802561454474926,0.012265225872397423,0.11624027043581009,0.0285873431712389,0.3219398558139801,0.00802561454474926,0.012265225872397423,0.11624027043581009,0.0285873431712389
88,Basketball Court Installation,"This initiative installs basketball courts with proper surfaces, lighting, and equipment for community basketball programs. This project promotes fairness, equality, and justice for all residents.",Recreation,282866,40.704,-73.993,47,0,families,Fairness,Authority,synthetic_balanced,0.303360253572464,0.8584670424461365,0.01384594663977623,0.21613891422748566,0.027704475447535515,0.303360253572464,0.8584670424461365,0.01384594663977623,0.21613891422748566,0.027704475447535515
89,Soccer Field Development,"This project develops soccer fields with proper drainage, lighting, and equipment to support youth and adult soccer programs. This project promotes fairness, equality, and justice for all residents.",Recreation,171291,40.773,-73.964,84,0,youth,Fairness,Care,synthetic_balanced,0.4681399166584015,0.8321730494499207,0.014360087923705578,0.23977266252040863,0.030653512105345726,0.4681399166584015,0.8321730494499207,0.014360087923705578,0.23977266252040863,0.030653512105345726
90,Walking Trail Creation,"This initiative creates walking trails connecting neighborhoods, parks, and community facilities to promote physical activity. This project addresses practical community needs without strong moral implications.",Recreation,201220,40.717,-73.999,35,1,seniors,Non-Moral,Sanctity,synthetic_balanced,0.3177798092365265,0.006619555409997702,0.015204512514173985,0.06473872065544128,0.026724781841039658,0.3177798092365265,0.006619555409997702,0.015204512514173985,0.06473872065544128,0.026724781841039658
91,Picnic Area Enhancement,"This project enhances picnic areas with tables, grills, and shade structures for family gatherings and community events. This project promotes fairness, equality, and justice for all residents.",Recreation,285291,40.778,-73.993,26,1,seniors,Fairness,Care,synthetic_balanced,0.31186601519584656,0.8446692228317261,0.024006398394703865,0.039849355816841125,0.03161676973104477,0.31186601519584656,0.8446692228317261,0.024006398394703865,0.039849355816841125,0.03161676973104477
92,Outdoor Exercise Equipment,This initiative installs outdoor exercise equipment in parks and public spaces to provide free fitness opportunities. This project addresses practical community needs without strong moral implications.,Recreation,87793,40.706,-73.917,92,0,adults,Non-Moral,Care,synthetic_balanced,0.3556120693683624,0.007793475408107042,0.013985597528517246,0.081839419901371,0.0267768744379282,0.3556120693683624,0.007793475408107042,0.013985597528517246,0.081839419901371,0.0267768744379282
93,Skateboard Park Development,"This project develops a skateboard park with ramps, rails, and other features for skateboarders and BMX riders. This project demonstrates care and compassion for community members.",Recreation,59902,40.719,-73.989,55,1,families,Care,Fairness,synthetic_balanced,0.659828782081604,0.008022968657314777,0.04502669349312782,0.07201606780290604,0.026871493086218834,0.659828782081604,0.008022968657314777,0.04502669349312782,0.07201606780290604,0.026871493086218834
94,Community Garden Space,"This initiative creates community garden plots where residents can grow vegetables and build community connections. This project promotes fairness, equality, and justice for all residents.",Recreation,458210,40.732,-73.979,98,0,children,Fairness,Authority,synthetic_balanced,0.4398607909679413,0.8842371106147766,0.09229682385921478,0.04906725510954857,0.024206675589084625,0.4398607909679413,0.8842371106147766,0.09229682385921478,0.04906725510954857,0.024206675589084625
95,Amphitheater Construction,"This project builds an outdoor amphitheater for community events, concerts, performances, and cultural activities. This project demonstrates care and compassion for community members.",Recreation,307423,40.707,-73.926,93,0,seniors,Care,Loyalty,synthetic_balanced,0.7179844975471497,0.0098018953576684,0.06398642808198929,0.028059281408786774,0.028068438172340393,0.7179844975471497,0.0098018953576684,0.06398642808198929,0.028059281408786774,0.028068438172340393
96,Recreation Center Expansion,"This initiative expands recreation centers with additional facilities, programs, and services to better serve the community. This project promotes fairness, equality, and justice for all residents.",Recreation,456957,40.797,-73.902,51,1,families,Fairness,Care,synthetic_balanced,0.48723751306533813,0.871321976184845,0.026090340688824654,0.06583508849143982,0.02103465050458908,0.48723751306533813,0.871321976184845,0.026090340688824654,0.06583508849143982,0.02103465050458908
97,Youth Sports League Support,"This project provides support and resources for youth sports leagues including equipment, facilities, and coaching. This project promotes fairness, equality, and justice for all residents.",Recreation,89624,40.776,-73.998,83,1,community,Fairness,Care,synthetic_balanced,0.5810821652412415,0.878264307975769,0.05047954246401787,0.058485161513090134,0.023195119574666023,0.5810821652412415,0.878264307975769,0.05047954246401787,0.058485161513090134,0.023195119574666023
98,Senior Recreation Program,"This initiative provides recreation programs and activities specifically designed for senior citizens. This project promotes fairness, equality, and justice for all residents.",Recreation,355422,40.764,-73.969,45,1,seniors,Fairness,Care,synthetic_balanced,0.4324702322483063,0.8782141208648682,0.013775579631328583,0.04452987760305405,0.023440146818757057,0.4324702322483063,0.8782141208648682,0.013775579631328583,0.04452987760305405,0.023440146818757057
99,Outdoor Fitness Classes,This project offers outdoor fitness classes and programs in parks and public spaces for community members. This project protects and preserves sacred community values and traditions.,Recreation,337227,40.8,-73.941,66,0,youth,Sanctity,Authority,synthetic_balanced,0.2176213264465332,0.007260738871991634,0.28021249175071716,0.04461956396698952,0.07989660650491714,0.2176213264465332,0.007260738871991634,0.28021249175071716,0.04461956396698952,0.07989660650491714
100,Community Event Space,"This initiative creates flexible event spaces for community gatherings, celebrations, and special events. This project promotes fairness, equality, and justice for all residents.",Recreation,454506,40.781,-73.924,91,0,families,Fairness,Authority,synthetic_balanced,0.40240272879600525,0.8795866370201111,0.03414487466216087,0.025905398651957512,0.02373967319726944,0.40240272879600525,0.8795866370201111,0.03414487466216087,0.025905398651957512,0.02373967319726944
101,Community Infrastructure Maintenance,"This project provides ongoing maintenance and improvements to community infrastructure including roads, utilities, and public facilities. This project protects and preserves sacred community values and traditions.",Other,142014,40.781,-73.983,44,1,families,Sanctity,Loyalty,synthetic_balanced,0.3843025863170624,0.009797632694244385,0.2449774593114853,0.09310866892337799,0.06853535771369934,0.3843025863170624,0.009797632694244385,0.2449774593114853,0.09310866892337799,0.06853535771369934
102,General Improvement Project,"This initiative addresses general community improvement needs including infrastructure, facilities, and public services. This project addresses practical community needs without strong moral implications.",Other,336222,40.722,-73.936,30,0,youth,Non-Moral,Care,synthetic_balanced,0.41349729895591736,0.005387665703892708,0.019851846620440483,0.15362168848514557,0.022267339751124382,0.41349729895591736,0.005387665703892708,0.019851846620440483,0.15362168848514557,0.022267339751124382
103,Miscellaneous Development,This project supports various community development initiatives that don't fit into specific categories but benefit the community. This project demonstrates care and compassion for community members.,Other,498167,40.712,-73.915,32,0,adults,Care,Loyalty,synthetic_balanced,0.7739050388336182,0.015371721237897873,0.17930465936660767,0.02675718627870083,0.0182204507291317,0.7739050388336182,0.015371721237897873,0.17930465936660767,0.02675718627870083,0.0182204507291317
104,Special Project Initiative,This initiative supports special community projects and initiatives that address unique local needs and opportunities. This project strengthens community bonds and loyalty to local values.,Other,268396,40.766,-73.901,82,0,youth,Loyalty,Sanctity,synthetic_balanced,0.24038836359977722,0.00510985404253006,0.6209077835083008,0.11181732267141342,0.01755484566092491,0.24038836359977722,0.00510985404253006,0.6209077835083008,0.11181732267141342,0.01755484566092491
105,Additional Community Initiative,This project provides funding and support for additional community initiatives and programs that benefit residents. This project addresses practical community needs without strong moral implications.,Other,461777,40.755,-73.956,78,0,community,Non-Moral,Loyalty,synthetic_balanced,0.5774467587471008,0.00596684729680419,0.08617696911096573,0.07560601085424423,0.019981106743216515,0.5774467587471008,0.00596684729680419,0.08617696911096573,0.07560601085424423,0.019981106743216515
106,Public Works Enhancement,"This initiative enhances public works services including infrastructure, utilities, and public facility improvements. This project promotes fairness, equality, and justice for all residents.",Other,76783,40.79,-73.996,42,0,children,Fairness,Authority,synthetic_balanced,0.47617173194885254,0.8585122227668762,0.026152849197387695,0.1796915978193283,0.022472793236374855,0.47617173194885254,0.8585122227668762,0.026152849197387695,0.1796915978193283,0.022472793236374855
107,Municipal Service Improvement,"This project improves municipal services through better facilities, equipment, and service delivery to better serve residents. This project demonstrates care and compassion for community members.",Other,263299,40.789,-73.984,80,1,seniors,Care,Loyalty,synthetic_balanced,0.7926985025405884,0.012626131996512413,0.09203002601861954,0.2790670096874237,0.019593730568885803,0.7926985025405884,0.012626131996512413,0.09203002601861954,0.2790670096874237,0.019593730568885803
108,Community Support Program,"This initiative provides comprehensive community support programs including social services, referrals, and assistance. This project strengthens community bonds and loyalty to local values.",Other,366500,40.768,-73.995,72,0,adults,Loyalty,Care,synthetic_balanced,0.5987421870231628,0.003740990534424782,0.687512218952179,0.019080979749560356,0.017378251999616623,0.5987421870231628,0.003740990534424782,0.687512218952179,0.019080979749560356,0.017378251999616623
109,General Maintenance Fund,"This project provides funding for general maintenance and upkeep of community facilities and infrastructure. This project promotes fairness, equality, and justice for all residents.",Other,344724,40.748,-73.943,32,0,children,Fairness,Authority,synthetic_balanced,0.601376473903656,0.8658133745193481,0.018418144434690475,0.16091464459896088,0.024043258279561996,0.601376473903656,0.8658133745193481,0.018418144434690475,0.16091464459896088,0.024043258279561996
110,Special Event Support,This initiative provides support and resources for organizing special community events and celebrations. This project addresses practical community needs without strong moral implications.,Other,55892,40.707,-73.966,95,1,families,Non-Moral,Loyalty,synthetic_balanced,0.4859545826911926,0.0035026443656533957,0.2544749975204468,0.024042721837759018,0.01950111798942089,0.4859545826911926,0.0035026443656533957,0.2544749975204468,0.024042721837759018,0.01950111798942089
111,Administrative Services Upgrade,This project upgrades administrative services and government facilities to enhance service delivery and accessibility. This project demonstrates care and compassion for community members.,Other,476179,40.77,-73.92,72,0,youth,Care,Loyalty,synthetic_balanced,0.7767382860183716,0.008468146435916424,0.06526293605566025,0.11649084091186523,0.021382134407758713,0.7767382860183716,0.008468146435916424,0.06526293605566025,0.11649084091186523,0.021382134407758713
112,Community Planning Initiative,"This initiative supports community planning efforts including development, zoning, and community visioning processes. This project demonstrates care and compassion for community members.",Other,300958,40.771,-73.927,29,1,community,Care,Loyalty,synthetic_balanced,0.7339003086090088,0.003871152177453041,0.12360294163227081,0.1984623670578003,0.018093949183821678,0.7339003086090088,0.003871152177453041,0.12360294163227081,0.1984623670578003,0.018093949183821678
113,Public Facility Maintenance,"This project provides ongoing maintenance and improvements to public facilities including buildings, equipment, and systems. This project protects and preserves sacred community values and traditions.",Other,156373,40.701,-73.965,85,1,community,Sanctity,Loyalty,synthetic_balanced,0.3399481177330017,0.010114310309290886,0.14509893953800201,0.15057650208473206,0.06292467564344406,0.3399481177330017,0.010114310309290886,0.14509893953800201,0.15057650208473206,0.06292467564344406
114,General Community Development,"This initiative supports comprehensive community development efforts including economic development and community enhancement. This project promotes respect for authority, leadership, and social order.",Other,273400,40.798,-73.937,80,0,adults,Authority,Fairness,synthetic_balanced,0.4453117251396179,0.02158661000430584,0.17602233588695526,0.8258488178253174,0.016095411032438278,0.4453117251396179,0.02158661000430584,0.17602233588695526,0.8258488178253174,0.016095411032438278
115,Special Purpose Fund,This project provides funding for special purpose initiatives and programs that benefit the community. This project addresses practical community needs without strong moral implications.,Other,410200,40.705,-73.93,79,0,seniors,Non-Moral,Fairness,synthetic_balanced,0.506898045539856,0.0076343524269759655,0.06094185262918472,0.08595581352710724,0.023235419765114784,0.506898045539856,0.0076343524269759655,0.06094185262918472,0.08595581352710724,0.023235419765114784
116,Community Enhancement Program,"This initiative enhances community quality of life through various programs, services, and improvements. This project strengthens community bonds and loyalty to local values.",Other,260473,40.774,-73.908,26,0,community,Loyalty,Sanctity,synthetic_balanced,0.44973650574684143,0.00701909651979804,0.6519623398780823,0.060309235006570816,0.017732596024870872,0.44973650574684143,0.00701909651979804,0.6519623398780823,0.060309235006570816,0.017732596024870872
117,General Public Service,"This project improves general public services including customer service, accessibility, and service delivery. This project strengthens community bonds and loyalty to local values.",Other,322310,40.799,-73.989,46,1,adults,Loyalty,Care,synthetic_balanced,0.3176535964012146,0.006918931845575571,0.6587316393852234,0.255628764629364,0.019086100161075592,0.3176535964012146,0.006918931845575571,0.6587316393852234,0.255628764629364,0.019086100161075592
118,Community Improvement Initiative,"This initiative supports community improvement efforts including beautification, safety, and infrastructure enhancements. This project demonstrates care and compassion for community members.",Other,330433,40.739,-73.91,23,1,youth,Care,Fairness,synthetic_balanced,0.8053804039955139,0.005949805956333876,0.11336562037467957,0.07394825667142868,0.023772139102220535,0.8053804039955139,0.005949805956333876,0.11336562037467957,0.07394825667142868,0.023772139102220535
119,Special Community Project,This project supports special community projects and initiatives that address unique local needs. This project protects and preserves sacred community values and traditions.,Other,192355,40.78,-73.985,41,1,families,Sanctity,Authority,synthetic_balanced,0.23429501056671143,0.005581327714025974,0.35671934485435486,0.11686475574970245,0.04567471519112587,0.23429501056671143,0.005581327714025974,0.35671934485435486,0.11686475574970245,0.04567471519112587
120,General Development Fund,This initiative provides funding for general community development projects and improvements. This project strengthens community bonds and loyalty to local values.,Other,139853,40.725,-73.929,51,0,families,Loyalty,Care,synthetic_balanced,0.1996171623468399,0.006607556715607643,0.6233407258987427,0.2464260458946228,0.01853281259536743,0.1996171623468399,0.006607556715607643,0.6233407258987427,0.2464260458946228,0.01853281259536743
